CHROM	POS	REF	ALT	Gene	Consequence	ClinVar	gnomAD_AF
1	11796321	G	A	MTHFR	missense_variant	benign,conflicting_classifications_of_pathogenicity,drug_response,likely_benign,uncertain_significance	0.3227
10	94942290	C	T	CYP2C9	missense_variant	drug_response,likely_benign,other	0.1176
10	94981297	A	C	CYP2C9	missense_variant	.	.
16	31096368	C	T	VKORC1	upstream_gene_variant	drug_response,likely_benign,other,pathogenic,protective,uncertain_significance	0.319
7	117559590	G	C	CFTR	missense_variant	.	.
19	41006936	T	C	CYP2B6	splice_acceptor_variant	.	.
1	169549811	T	G	F5	missense_variant	.	.
13	32340300	G	A	BRCA2	missense_variant	conflicting_classifications_of_pathogenicity,not_provided,uncertain_significance	6.841e-07
17	43093449	G	A	BRCA1	synonymous_variant	benign	0.3383
7	117480025	T	A	CFTR	5_prime_UTR_variant	.	.
17	7676154	G	A	TP53	missense_variant	benign,conflicting_classifications_of_pathogenicity,likely_benign,pathogenic,uncertain_significance	6.842e-07
11	5248232	T	A	HBBP1	upstream_gene_variant	.	.
7	117587799	T	A	CFTR	synonymous_variant	.	.
1	161599693	G	A	FCGR2C	missense_variant	.	.
2	47702277	C	T	MSH6	intron_variant	.	.
3	37042337	C	T	MLH1	splice_donor_region_variant	.	.
5	112841059	G	A	APC	missense_variant	.	.
17	43045726	T	C	BRCA1	synonymous_variant	.	.
19	44908684	C	T	APOE	synonymous_variant	.	.
11	67585218	A	G	GSTP1	missense_variant	benign	0.3393
